Id,Label,Degree Centrality,Betweenness Centrality,Closeness Centrality,Eigenvector Centrality,Local Clustering Coefficient,Number of Connections (Degree),Community_Id
Paul Teller,Paul Teller,0.0033112582781456954,0.0,0.412568306010929,0.050516589386534236,0.0,1,0
Donald J. Trump,Donald J. Trump,0.6059602649006622,0.9742249895491848,0.7006960556844548,0.6973459084798839,0.0021617726535759323,183,0
Joe Hagin,Joe Hagin,0.0033112582781456954,0.0,0.412568306010929,0.050516589386534236,0.0,1,0
Kellyanne Conway,Kellyanne Conway,0.016556291390728478,0.013223031396448922,0.4182825484764543,0.060929420035656545,0.3,5,31
Wilbur Ross,Wilbur Ross,0.009933774834437087,0.01977954280433874,0.41597796143250687,0.051053809185632765,0.0,3,26
George E. Norcross Iii,George E. Norcross Iii,0.0033112582781456954,0.0,0.412568306010929,0.050516589386534236,0.0,1,0
Jared Kushner,Jared Kushner,0.06291390728476821,0.1455853556577413,0.44477172312223856,0.06253061922526984,0.04678362573099415,19,25
Stephen A. Schwarzman,Stephen A. Schwarzman,0.0033112582781456954,0.0,0.412568306010929,0.050516589386534236,0.0,1,0
David Shulkin,David Shulkin,0.0033112582781456954,0.0,0.412568306010929,0.050516589386534236,0.0,1,0
James Sherk,James Sherk,0.0033112582781456954,0.0,0.412568306010929,0.050516589386534236,0.0,1,0
Brian Baudreau,Brian Baudreau,0.0033112582781456954,0.0,0.412568306010929,0.050516589386534236,0.0,1,0
Sean Hannity,Sean Hannity,0.0033112582781456954,0.0,0.412568306010929,0.050516589386534236,0.0,1,0
Robert Goad,Robert Goad,0.0033112582781456954,0.0,0.412568306010929,0.050516589386534236,0.0,1,0
Steven N. Cheung,Steven N. Cheung,0.0033112582781456954,0.0,0.412568306010929,0.050516589386534236,0.0,1,0
Bill Stepien,Bill Stepien,0.009933774834437087,0.0033222591362126242,0.41483516483516486,0.05504238414233081,0.3333333333333333,3,24
Ajit Pai,Ajit Pai,0.009933774834437087,0.006622516556291391,0.4171270718232044,0.055545121351872596,0.3333333333333333,3,16
Allen Weisselberg,Allen Weisselberg,0.006622516556291391,0.006622516556291391,0.4136986301369863,0.0507830719858521,0.0,2,6
Eric Ueland,Eric Ueland,0.0033112582781456954,0.0,0.412568306010929,0.050516589386534236,0.0,1,0
Ado Machida,Ado Machida,0.0033112582781456954,0.0,0.412568306010929,0.050516589386534236,0.0,1,0
Thomas J. Barrack Jr.,Thomas J. Barrack Jr.,0.009933774834437087,0.013223031396448922,0.41483516483516486,0.05105238096640595,0.0,3,7
Mehmet Ali Yalcindag,Mehmet Ali Yalcindag,0.009933774834437087,0.006622516556291391,0.41770401106500693,0.05677677607268733,0.3333333333333333,3,14
Victor Pinchuk,Victor Pinchuk,0.0033112582781456954,0.0,0.412568306010929,0.050516589386534236,0.0,1,0
Russ Vought,Russ Vought,0.006622516556291391,0.0,0.41597796143250687,0.05643393485525928,1.0,2,1
Mike Baselice,Mike Baselice,0.0033112582781456954,0.0,0.412568306010929,0.050516589386534236,0.0,1,0
Dan Coats,Dan Coats,0.0033112582781456954,0.0,0.412568306010929,0.050516589386534236,0.0,1,0
Oleg Miserva,Oleg Miserva,0.0033112582781456954,0.0,0.412568306010929,0.050516589386534236,0.0,1,0
Michael Flynn,Michael Flynn,0.006622516556291391,0.006622516556291391,0.4136986301369863,0.0507830719858521,0.0,2,10
John Mcentee,John Mcentee,0.0033112582781456954,0.0,0.412568306010929,0.050516589386534236,0.0,1,0
Betsy Devos,Betsy Devos,0.013245033112582781,0.01637294375627965,0.41597796143250687,0.051698448839445584,0.0,4,31
Helen Ferre,Helen Ferre,0.0033112582781456954,0.0,0.412568306010929,0.050516589386534236,0.0,1,0
Andrew Bremberg,Andrew Bremberg,0.013245033112582781,0.019691535939803304,0.4171270718232044,0.05160454516985734,0.0,4,12
Alexander Angelson,Alexander Angelson,0.0033112582781456954,0.0,0.412568306010929,0.050516589386534236,0.0,1,0
Scott Pruitt,Scott Pruitt,0.006622516556291391,0.006622516556291391,0.4136986301369863,0.0507830719858521,0.0,2,13
Jason D. Greenblatt,Jason D. Greenblatt,0.006622516556291391,0.0,0.416551724137931,0.0558297615960022,1.0,2,14
Wells Griffith,Wells Griffith,0.006622516556291391,0.006622516556291391,0.4136986301369863,0.0507830719858521,0.0,2,15
Jeff Sessions,Jeff Sessions,0.029801324503311258,0.02973165240222071,0.42296918767507,0.0653945265021211,0.08333333333333333,9,16
Shahira Knight,Shahira Knight,0.0033112582781456954,0.0,0.412568306010929,0.050516589386534236,0.0,1,0
Cliff Sims,Cliff Sims,0.0033112582781456954,0.0,0.412568306010929,0.050516589386534236,0.0,1,0
Marc E. Kasowitz,Marc E. Kasowitz,0.0033112582781456954,0.0,0.412568306010929,0.050516589386534236,0.0,1,0
Indra Nooyi,Indra Nooyi,0.0033112582781456954,0.0,0.412568306010929,0.050516589386534236,0.0,1,0
Reed S. Cordish,Reed S. Cordish,0.006622516556291391,0.0,0.4131326949384405,0.054461670513640634,1.0,2,0
Kathryn Talento,Kathryn Talento,0.0033112582781456954,0.0,0.412568306010929,0.050516589386534236,0.0,1,0
Stephen B. Meister,Stephen B. Meister,0.006622516556291391,0.0,0.4131326949384405,0.054461670513640634,1.0,2,0
Emin Agalarov,Emin Agalarov,0.006622516556291391,0.0,0.4131326949384405,0.054461670513640634,1.0,2,0
Melania Trump,Melania Trump,0.009933774834437087,0.013223031396448922,0.41483516483516486,0.05105238096640595,0.0,3,20
Stephen Miller,Stephen Miller,0.026490066225165563,0.02649373317785454,0.42178770949720673,0.0649863236938039,0.10714285714285714,8,16
Ryan Zinke,Ryan Zinke,0.0033112582781456954,0.0,0.412568306010929,0.050516589386534236,0.0,1,0
Alexander Acosta,Alexander Acosta,0.0033112582781456954,0.0,0.412568306010929,0.050516589386534236,0.0,1,0
Prince Alwaleed Bin Talalthe,Prince Alwaleed Bin Talalthe,0.0033112582781456954,0.0,0.412568306010929,0.050516589386534236,0.0,1,0
Sam Clovis,Sam Clovis,0.0033112582781456954,0.0,0.412568306010929,0.050516589386534236,0.0,1,0
Michael Fascitelli,Michael Fascitelli,0.0033112582781456954,0.0,0.412568306010929,0.050516589386534236,0.0,1,0
Travis Kalanick,Travis Kalanick,0.0033112582781456954,0.0,0.412568306010929,0.050516589386534236,0.0,1,0
Joyce Meyer,Joyce Meyer,0.0033112582781456954,0.0,0.412568306010929,0.050516589386534236,0.0,1,0
Ashley Marquis,Ashley Marquis,0.0033112582781456954,0.0,0.412568306010929,0.050516589386534236,0.0,1,0
Phil Ruffin,Phil Ruffin,0.0033112582781456954,0.0,0.412568306010929,0.050516589386534236,0.0,1,0
Elon Musk,Elon Musk,0.0033112582781456954,0.0,0.412568306010929,0.050516589386534236,0.0,1,0
Christopher Ruddy,Christopher Ruddy,0.0033112582781456954,0.0,0.412568306010929,0.050516589386534236,0.0,1,0
Sonny Perdue,Sonny Perdue,0.006622516556291391,0.006622516556291391,0.4136986301369863,0.0507830719858521,0.0,2,22
Paul Manafort,Paul Manafort,0.026490066225165563,0.045895579855228706,0.4206128133704735,0.05244293826363972,0.0,8,23
Edwin Feulner,Edwin Feulner,0.0033112582781456954,0.0,0.412568306010929,0.050516589386534236,0.0,1,0
Linda Mcmahon,Linda Mcmahon,0.0033112582781456954,0.0,0.412568306010929,0.050516589386534236,0.0,1,0
Julia Hahn,Julia Hahn,0.009933774834437087,0.0001833476344488203,0.41770401106500693,0.060304134093694985,0.6666666666666666,3,31
John F. Kelly,John F. Kelly,0.0033112582781456954,0.0,0.412568306010929,0.050516589386534236,0.0,1,0
Elaine Chao,Elaine Chao,0.016556291390728478,0.026215044773492333,0.4182825484764543,0.0519696181755673,0.2,5,12
Dina Powell,Dina Powell,0.006622516556291391,0.0,0.416551724137931,0.05647884173241377,1.0,2,14
Robert Lighthizer,Robert Lighthizer,0.006622516556291391,0.006622516556291391,0.4136986301369863,0.0507830719858521,0.0,2,27
Curtis Dubay,Curtis Dubay,0.0033112582781456954,0.0,0.412568306010929,0.050516589386534236,0.0,1,0
Tom Bossert,Tom Bossert,0.0033112582781456954,0.0,0.412568306010929,0.050516589386534236,0.0,1,0
Corey Lewandowski,Corey Lewandowski,0.0033112582781456954,0.0,0.412568306010929,0.050516589386534236,0.0,1,0
Michael Pompeo,Michael Pompeo,0.006622516556291391,0.006622516556291391,0.4136986301369863,0.0507830719858521,0.0,2,28
Reince Priebus,Reince Priebus,0.016556291390728478,0.019801544520472596,0.416551724137931,0.05533740987151943,0.1,5,29
Jennifer Korn,Jennifer Korn,0.0033112582781456954,0.0,0.412568306010929,0.050516589386534236,0.0,1,0
Sam Nunberg,Sam Nunberg,0.006622516556291391,0.0,0.4154057771664374,0.055224080420224426,1.0,2,16
Andeliz Castillo,Andeliz Castillo,0.0033112582781456954,0.0,0.412568306010929,0.050516589386534236,0.0,1,0
Ivanka Trump,Ivanka Trump,0.04304635761589404,0.03038803693354748,0.4402332361516035,0.0823076134408,0.16666666666666666,13,14
Edwin Meese,Edwin Meese,0.0033112582781456954,0.0,0.412568306010929,0.050516589386534236,0.0,1,0
Brian Burns,Brian Burns,0.0033112582781456954,0.0,0.412568306010929,0.050516589386534236,0.0,1,0
Donald Trump Jr.,Donald Trump Jr.,0.03642384105960265,0.03225818280492545,0.4241573033707865,0.07334749867593608,0.16363636363636364,11,14
Michael J. Ellis,Michael J. Ellis,0.0033112582781456954,0.0,0.412568306010929,0.050516589386534236,0.0,1,0
John Eisenberg,John Eisenberg,0.0033112582781456954,0.0,0.412568306010929,0.050516589386534236,0.0,1,0
Thomas Pyle,Thomas Pyle,0.0033112582781456954,0.0,0.412568306010929,0.050516589386534236,0.0,1,0
Uttam Dhillon,Uttam Dhillon,0.0033112582781456954,0.0,0.412568306010929,0.050516589386534236,0.0,1,0
Terry Branstad,Terry Branstad,0.006622516556291391,0.006622516556291391,0.4136986301369863,0.0507830719858521,0.0,2,30
Jamie Dimon,Jamie Dimon,0.0033112582781456954,0.0,0.412568306010929,0.050516589386534236,0.0,1,0
Raj Shah,Raj Shah,0.0033112582781456954,0.0,0.412568306010929,0.050516589386534236,0.0,1,0
Ben Howard,Ben Howard,0.0033112582781456954,0.0,0.412568306010929,0.050516589386534236,0.0,1,0
Sarah Makin,Sarah Makin,0.006622516556291391,0.0,0.41597796143250687,0.05643393485525928,1.0,2,1
Robert Mercer,Robert Mercer,0.016556291390728478,0.009816432348389845,0.41770401106500693,0.06130132457075549,0.4,5,31
Rick Dearborn,Rick Dearborn,0.006622516556291391,0.0,0.41597796143250687,0.05525365007944226,1.0,2,16
Timothy Pataki,Timothy Pataki,0.0033112582781456954,0.0,0.412568306010929,0.050516589386534236,0.0,1,0
Jason D. Meister,Jason D. Meister,0.006622516556291391,0.0,0.4131326949384405,0.054461670513640634,1.0,2,0
Bill Mcginley,Bill Mcginley,0.0033112582781456954,0.0,0.412568306010929,0.050516589386534236,0.0,1,0
Barry Bennett,Barry Bennett,0.006622516556291391,0.0,0.4131326949384405,0.054461670513640634,1.0,2,0
Chris Christie,Chris Christie,0.009933774834437087,0.006622516556291391,0.41483516483516486,0.05479125140863662,0.3333333333333333,3,24
Elena Gorlova,Elena Gorlova,0.0033112582781456954,0.0,0.412568306010929,0.050516589386534236,0.0,1,0
Carl C. Icahn,Carl C. Icahn,0.0033112582781456954,0.0,0.412568306010929,0.050516589386534236,0.0,1,0
Jarrod P. Agen,Jarrod P. Agen,0.009933774834437087,0.006622516556291391,0.4171270718232044,0.05673163230716067,0.3333333333333333,3,1
Carter Page,Carter Page,0.0033112582781456954,0.0,0.412568306010929,0.050516589386534236,0.0,1,0
Newt Gingrich,Newt Gingrich,0.0033112582781456954,0.0,0.412568306010929,0.050516589386534236,0.0,1,0
Christine Ciccone,Christine Ciccone,0.0033112582781456954,0.0,0.412568306010929,0.050516589386534236,0.0,1,0
Aras Agalarov,Aras Agalarov,0.006622516556291391,0.0,0.4131326949384405,0.054461670513640634,1.0,2,0
Rex Tillerson,Rex Tillerson,0.013245033112582781,0.019548524784933224,0.4171270718232044,0.0517346540817018,0.3333333333333333,4,2
Jeremy Katz,Jeremy Katz,0.0033112582781456954,0.0,0.412568306010929,0.050516589386534236,0.0,1,0
Dan Scavino,Dan Scavino,0.0033112582781456954,0.0,0.412568306010929,0.050516589386534236,0.0,1,0
Joseph Kellogg,Joseph Kellogg,0.0033112582781456954,0.0,0.412568306010929,0.050516589386534236,0.0,1,0
Mangal Prabhat Lodha,Mangal Prabhat Lodha,0.0033112582781456954,0.0,0.412568306010929,0.050516589386534236,0.0,1,0
Sean Spicer,Sean Spicer,0.0033112582781456954,0.0,0.412568306010929,0.050516589386534236,0.0,1,0
Sergei Millian,Sergei Millian,0.009933774834437087,0.01313502453191349,0.4171270718232044,0.05137586494607446,0.0,3,2
Stephanie Grisham,Stephanie Grisham,0.0033112582781456954,0.0,0.412568306010929,0.050516589386534236,0.0,1,0
"Roger J. Stone, Jr.","Roger J. Stone, Jr.",0.006622516556291391,0.006622516556291391,0.4136986301369863,0.0507830719858521,0.0,2,3
Ginni Rometty,Ginni Rometty,0.0033112582781456954,0.0,0.412568306010929,0.050516589386534236,0.0,1,0
Michael D. Cohen,Michael D. Cohen,0.0033112582781456954,0.0,0.412568306010929,0.050516589386534236,0.0,1,0
Ryan Jarmula,Ryan Jarmula,0.006622516556291391,0.0,0.41597796143250687,0.05643393485525928,1.0,2,1
Kathleen Troia Mcfarland,Kathleen Troia Mcfarland,0.0033112582781456954,0.0,0.412568306010929,0.050516589386534236,0.0,1,0
Peter Navarro,Peter Navarro,0.0033112582781456954,0.0,0.412568306010929,0.050516589386534236,0.0,1,0
Kalpesh Mehta,Kalpesh Mehta,0.0033112582781456954,0.0,0.412568306010929,0.050516589386534236,0.0,1,0
Robert Kraft,Robert Kraft,0.0033112582781456954,0.0,0.412568306010929,0.050516589386534236,0.0,1,0
Ross Worthington,Ross Worthington,0.0033112582781456954,0.0,0.412568306010929,0.050516589386534236,0.0,1,0
James Mattis,James Mattis,0.0033112582781456954,0.0,0.412568306010929,0.050516589386534236,0.0,1,0
David M. Friedman,David M. Friedman,0.0033112582781456954,0.0,0.412568306010929,0.050516589386534236,0.0,1,0
Felipe Yaryura,Felipe Yaryura,0.013245033112582781,0.0,0.4200278164116829,0.06661767830009174,1.0,4,14
Vince Haley,Vince Haley,0.0033112582781456954,0.0,0.412568306010929,0.050516589386534236,0.0,1,0
Lindsay Walters,Lindsay Walters,0.0033112582781456954,0.0,0.412568306010929,0.050516589386534236,0.0,1,0
Justin Clark,Justin Clark,0.0033112582781456954,0.0,0.412568306010929,0.050516589386534236,0.0,1,0
Rick Perry,Rick Perry,0.009933774834437087,0.013223031396448922,0.41483516483516486,0.05105238096640595,0.0,3,4
Rhona Graff Riccio,Rhona Graff Riccio,0.009933774834437087,0.006622516556291391,0.41426611796982166,0.05475048752959704,0.3333333333333333,3,5
Tom Price,Tom Price,0.0033112582781456954,0.0,0.412568306010929,0.050516589386534236,0.0,1,0
Stephen A. Feinberg,Stephen A. Feinberg,0.0033112582781456954,0.0,0.412568306010929,0.050516589386534236,0.0,1,0
Joseph Hagin,Joseph Hagin,0.0033112582781456954,0.0,0.412568306010929,0.050516589386534236,0.0,1,0
Sean Cairncross,Sean Cairncross,0.006622516556291391,0.0,0.41483516483516486,0.05452510701401283,1.0,2,29
Madeleine Westerhout,Madeleine Westerhout,0.006622516556291391,0.0,0.4136986301369863,0.05448259173966119,1.0,2,5
Mick Mulvaney,Mick Mulvaney,0.006622516556291391,0.006622516556291391,0.4136986301369863,0.0507830719858521,0.0,2,8
Omarosé Onee Manigault,Omarosé Onee Manigault,0.009933774834437087,0.013223031396448922,0.41483516483516486,0.05105238096640595,0.0,3,9
George Gigicos,George Gigicos,0.0033112582781456954,0.0,0.412568306010929,0.050516589386534236,0.0,1,0
Ben Carson,Ben Carson,0.006622516556291391,0.0,0.4131326949384405,0.054461670513640634,1.0,2,0
Recep Tayyip Erdogan,Recep Tayyip Erdogan,0.0033112582781456954,0.0,0.412568306010929,0.050516589386534236,0.0,1,0
Steven Roth,Steven Roth,0.0033112582781456954,0.0,0.412568306010929,0.050516589386534236,0.0,1,0
Ike Perlmutter,Ike Perlmutter,0.0033112582781456954,0.0,0.412568306010929,0.050516589386534236,0.0,1,0
Bethany Scully,Bethany Scully,0.0033112582781456954,0.0,0.412568306010929,0.050516589386534236,0.0,1,0
Boris Epshteyn,Boris Epshteyn,0.0033112582781456954,0.0,0.412568306010929,0.050516589386534236,0.0,1,0
Paul Winfree,Paul Winfree,0.0033112582781456954,0.0,0.412568306010929,0.050516589386534236,0.0,1,0
Roger Khafif,Roger Khafif,0.0033112582781456954,0.0,0.412568306010929,0.050516589386534236,0.0,1,0
Alexander Nix,Alexander Nix,0.006622516556291391,0.0,0.4131326949384405,0.054461670513640634,1.0,2,0
"Walter J. ""jay"" Clayton Iii","Walter J. ""jay"" Clayton Iii",0.0033112582781456954,0.0,0.412568306010929,0.050516589386534236,0.0,1,0
John Gray,John Gray,0.006622516556291391,0.0,0.41597796143250687,0.05643393485525928,1.0,2,1
Stephen Bannon,Stephen Bannon,0.026490066225165563,0.013468717226610341,0.4206128133704735,0.07012934261594528,0.25,8,31
Alex Shnaider,Alex Shnaider,0.0033112582781456954,0.0,0.412568306010929,0.050516589386534236,0.0,1,0
Sergey I. Kislyak,Sergey I. Kislyak,0.0033112582781456954,0.0,0.412568306010929,0.050516589386534236,0.0,1,0
Marc Short,Marc Short,0.013245033112582781,0.01973553937207102,0.41944444444444445,0.057087242520413785,0.3333333333333333,4,1
Jessica Ditto,Jessica Ditto,0.006622516556291391,0.006622516556291391,0.4136986301369863,0.0507830719858521,0.0,2,11
Andy Puzder,Andy Puzder,0.006622516556291391,0.006622516556291391,0.4136986301369863,0.0507830719858521,0.0,2,17
Marc Lotter,Marc Lotter,0.006622516556291391,0.0,0.41597796143250687,0.05643393485525928,1.0,2,1
Don Mcgahn,Don Mcgahn,0.026490066225165563,0.045873578139094845,0.4206128133704735,0.05248759744800876,0.03571428571428571,8,18
Cindy Simms,Cindy Simms,0.0033112582781456954,0.0,0.412568306010929,0.050516589386534236,0.0,1,0
Eric Trump,Eric Trump,0.013245033112582781,0.0,0.4200278164116829,0.06661767830009174,1.0,4,14
Gerrit Lansing,Gerrit Lansing,0.0033112582781456954,0.0,0.412568306010929,0.050516589386534236,0.0,1,0
James Schultz,James Schultz,0.0033112582781456954,0.0,0.412568306010929,0.050516589386534236,0.0,1,0
Stephen Munisteri,Stephen Munisteri,0.0033112582781456954,0.0,0.412568306010929,0.050516589386534236,0.0,1,0
Richard Lefrak,Richard Lefrak,0.0033112582781456954,0.0,0.412568306010929,0.050516589386534236,0.0,1,0
Steven Mnuchin,Steven Mnuchin,0.009933774834437087,0.013223031396448922,0.41483516483516486,0.05105238096640595,0.0,3,19
Linda Bean,Linda Bean,0.0033112582781456954,0.0,0.412568306010929,0.050516589386534236,0.0,1,0
Mike Pence,Mike Pence,0.04304635761589404,0.030124016339941176,0.4247538677918425,0.08168753102940059,0.08974358974358974,13,1
Sebastian Gorka,Sebastian Gorka,0.0033112582781456954,0.0,0.412568306010929,0.050516589386534236,0.0,1,0
Rupert Murdoch,Rupert Murdoch,0.009933774834437087,0.005742447910937053,0.4154057771664374,0.05200437252171224,0.0,3,14
Mary T. Barra,Mary T. Barra,0.0033112582781456954,0.0,0.412568306010929,0.050516589386534236,0.0,1,0
Rebekah Mercer,Rebekah Mercer,0.016556291390728478,0.006666519988559106,0.4188626907073509,0.0647907799018882,0.5,5,31
Alexander Gray,Alexander Gray,0.0033112582781456954,0.0,0.412568306010929,0.050516589386534236,0.0,1,0
Robert A. Iger,Robert A. Iger,0.0033112582781456954,0.0,0.412568306010929,0.050516589386534236,0.0,1,0
Anthony Scaramucci,Anthony Scaramucci,0.006622516556291391,0.006622516556291391,0.4136986301369863,0.0507830719858521,0.0,2,21
Gary Cohn,Gary Cohn,0.0033112582781456954,0.0,0.412568306010929,0.050516589386534236,0.0,1,0
Maryanne Trump Barry,Maryanne Trump Barry,0.006622516556291391,0.0032782557039449075,0.4136986301369863,0.0510734288001972,0.0,2,24
Keith Schiller,Keith Schiller,0.0033112582781456954,0.0,0.412568306010929,0.050516589386534236,0.0,1,0
Peter Thiel,Peter Thiel,0.0033112582781456954,0.0,0.412568306010929,0.050516589386534236,0.0,1,0
Sheri A. Dillon,Sheri A. Dillon,0.0033112582781456954,0.0,0.412568306010929,0.050516589386534236,0.0,1,0
Carlos Diaz-rosillo,Carlos Diaz-rosillo,0.0033112582781456954,0.0,0.412568306010929,0.050516589386534236,0.0,1,0
Brad Parscale,Brad Parscale,0.006622516556291391,0.0,0.4131326949384405,0.054461670513640634,1.0,2,0
Scott Gast,Scott Gast,0.0033112582781456954,0.0,0.412568306010929,0.050516589386534236,0.0,1,0
John Destefano,John Destefano,0.0033112582781456954,0.0,0.412568306010929,0.050516589386534236,0.0,1,0
Nikki Haley,Nikki Haley,0.0033112582781456954,0.0,0.412568306010929,0.050516589386534236,0.0,1,0
Noel Francisco,Noel Francisco,0.0033112582781456954,0.0,0.412568306010929,0.050516589386534236,0.0,1,0
Joseph Lai,Joseph Lai,0.0033112582781456954,0.0,0.412568306010929,0.050516589386534236,0.0,1,0
Andrew D. Koenig,Andrew D. Koenig,0.0033112582781456954,0.0,0.412568306010929,0.050516589386534236,0.0,1,0
Hope Hicks,Hope Hicks,0.0033112582781456954,0.0,0.412568306010929,0.050516589386534236,0.0,1,0
David S. Cordish,David S. Cordish,0.006622516556291391,0.0,0.4131326949384405,0.054461670513640634,1.0,2,0
Cui Tiankai,Cui Tiankai,0.0033112582781456954,0.0,0.3081632653061224,0.004529579676389639,0.0,1,25
Rob Speyer,Rob Speyer,0.0033112582781456954,0.0,0.3081632653061224,0.004529579676389639,0.0,1,25
Avram Lebor,Avram Lebor,0.0033112582781456954,0.0,0.3081632653061224,0.004529579676389639,0.0,1,25
Ryan Doherty,Ryan Doherty,0.0033112582781456954,0.0,0.3081632653061224,0.004529579676389639,0.0,1,25
Nicole Kushner Meyer,Nicole Kushner Meyer,0.019867549668874173,0.008771350832031564,0.31166150670794635,0.0059766807525663095,0.5333333333333333,6,25
Joshua Kushner,Joshua Kushner,0.013245033112582781,0.0,0.3110195674562307,0.005857726664455304,1.0,4,25
Margaret Chin,Margaret Chin,0.0033112582781456954,0.0,0.3081632653061224,0.004529579676389639,0.0,1,25
Justin Weniger,Justin Weniger,0.0033112582781456954,0.0,0.3081632653061224,0.004529579676389639,0.0,1,25
Avrahm Berkowitz,Avrahm Berkowitz,0.0033112582781456954,0.0,0.3081632653061224,0.004529579676389639,0.0,1,25
Asher Abehsera,Asher Abehsera,0.0033112582781456954,0.0,0.3081632653061224,0.004529579676389639,0.0,1,25
Martin Sorrell,Martin Sorrell,0.0033112582781456954,0.0,0.3081632653061224,0.004529579676389639,0.0,1,25
Miles Berger,Miles Berger,0.0033112582781456954,0.0,0.3081632653061224,0.004529579676389639,0.0,1,25
Dara Orbach,Dara Orbach,0.016556291390728478,0.002148834275740181,0.311340206185567,0.005947436796740009,0.8,5,25
Charles Kushner,Charles Kushner,0.033112582781456956,0.02857289535250431,0.31295336787564765,0.006410227547937675,0.2,10,25
Richard Goettlich,Richard Goettlich,0.0033112582781456954,0.0,0.3081632653061224,0.004529579676389639,0.0,1,25
Benjamin Netanyahu,Benjamin Netanyahu,0.006622516556291391,0.0,0.31006160164271046,0.0049939384215356925,1.0,2,25
Strauss Zelnick,Strauss Zelnick,0.0033112582781456954,0.0,0.3081632653061224,0.004529579676389639,0.0,1,25
Charles G. Koch,Charles G. Koch,0.009933774834437087,0.003300257420078766,0.2966601178781925,0.004509250080590437,0.6666666666666666,3,1
David H. Koch,David H. Koch,0.009933774834437087,0.003300257420078766,0.2966601178781925,0.004509250080590437,0.6666666666666666,3,1
William I. Koch,William I. Koch,0.006622516556291391,0.0,0.2291350531107739,0.0006533076651545056,1.0,2,1
Chloe Murdoch,Chloe Murdoch,0.009933774834437087,3.666952688976407e-05,0.30691056910569103,0.010268998748376511,0.3333333333333333,3,14
Wendi Deng Murdoch,Wendi Deng Murdoch,0.009933774834437087,7.333905377952813e-06,0.30691056910569103,0.007450035481057539,0.6666666666666666,3,14
Grace Murdoch,Grace Murdoch,0.009933774834437087,3.666952688976407e-05,0.30691056910569103,0.010268998748376511,0.3333333333333333,3,14
Andriy Zaika,Andriy Zaika,0.006622516556291391,0.0,0.30784913353720694,0.011275424555347484,1.0,2,14
Paulo Figueiredo Filho,Paulo Figueiredo Filho,0.0033112582781456954,0.0,0.3059777102330294,0.00596225234587953,0.0,1,14
Viktor Tkachuk,Viktor Tkachuk,0.006622516556291391,0.0,0.30784913353720694,0.011275424555347484,1.0,2,14
Stephen Vaden,Stephen Vaden,0.0033112582781456954,0.0,0.2929194956353055,0.003678598527788525,0.0,1,22
Serhiy Lyovochkin,Serhiy Lyovochkin,0.0033112582781456954,0.0,0.296368989205103,0.0037988348766671335,0.0,1,23
Dmitry Firtash,Dmitry Firtash,0.0033112582781456954,0.0,0.296368989205103,0.0037988348766671335,0.0,1,23
Rinat Akhmetov,Rinat Akhmetov,0.0033112582781456954,0.0,0.296368989205103,0.0037988348766671335,0.0,1,23
Viktor F. Yanukovych,Viktor F. Yanukovych,0.0033112582781456954,0.0,0.296368989205103,0.0037988348766671335,0.0,1,23
Abdul Rahman Al-assir,Abdul Rahman Al-assir,0.0033112582781456954,0.0,0.296368989205103,0.0037988348766671335,0.0,1,23
Arthur G. Cohen,Arthur G. Cohen,0.0033112582781456954,0.0,0.296368989205103,0.0037988348766671335,0.0,1,23
Dmytro Firtash,Dmytro Firtash,0.0033112582781456954,0.0,0.296368989205103,0.0037988348766671335,0.0,1,23
Kevin Marino,Kevin Marino,0.006622516556291391,1.100085806692922e-05,0.2940603700097371,0.007686777950573032,0.0,2,24
Kirill Dmitriev,Kirill Dmitriev,0.0033112582781456954,0.0,0.2929194956353055,0.003678598527788525,0.0,1,21
Sylvain Mirochnikoff,Sylvain Mirochnikoff,0.0033112582781456954,0.0,0.29549902152641877,0.004693326617335347,0.0,1,31
Nigel Farage,Nigel Farage,0.0033112582781456954,0.0,0.294921875,0.004440544727364104,0.0,1,31
Patrick Caddell,Patrick Caddell,0.006622516556291391,0.0,0.2969518190757129,0.009520598400834666,1.0,2,31
Jennifer Mercer,Jennifer Mercer,0.0033112582781456954,0.0,0.296368989205103,0.005080053673470562,0.0,1,31
Erik Prince,Erik Prince,0.006622516556291391,8.800686453543375e-05,0.2981243830207305,0.008824960035404596,0.0,2,31
Eric Holcomb,Eric Holcomb,0.0033112582781456954,0.0,0.29521016617790813,0.004413604602211593,0.0,1,31
George T. Conway Iii,George T. Conway Iii,0.0033112582781456954,0.0,0.29521016617790813,0.004413604602211593,0.0,1,31
Rudy Giuliani,Rudy Giuliani,0.006622516556291391,0.006622516556291391,0.2946341463414634,0.0037177186006069622,0.0,2,26
Ken Kurson,Ken Kurson,0.0033112582781456954,0.0,0.2277526395173454,0.00026931651462566654,0.0,1,26
James Uthmeier,James Uthmeier,0.0033112582781456954,0.0,0.2940603700097371,0.0036982100194580003,0.0,1,26
Alan Hammer,Alan Hammer,0.0033112582781456954,0.0,0.23854660347551343,0.000464358745146054,0.0,1,25
Murray Kushner,Murray Kushner,0.0033112582781456954,0.0,0.23854660347551343,0.000464358745146054,0.0,1,25
Jim Mcgreevey,Jim Mcgreevey,0.0033112582781456954,0.0,0.23854660347551343,0.000464358745146054,0.0,1,25
Seryl Kushner,Seryl Kushner,0.009933774834437087,0.0,0.2391132224861441,0.0013281469880656652,1.0,3,25
Esther Kushner,Esther Kushner,0.0033112582781456954,0.0,0.23854660347551343,0.000464358745146054,0.0,1,25
Sally Priebus,Sally Priebus,0.0033112582781456954,0.0,0.29434697855750486,0.004008517627478584,0.0,1,29
Katie Walsh,Katie Walsh,0.0033112582781456954,0.0,0.29434697855750486,0.004008517627478584,0.0,1,29
Mallory Hunter,Mallory Hunter,0.0033112582781456954,0.0,0.29434697855750486,0.004008517627478584,0.0,1,29
Scott Walker,Scott Walker,0.0033112582781456954,0.0,0.2946341463414634,0.0037381038883463253,0.0,1,12
Mike Ferguson,Mike Ferguson,0.0033112582781456954,0.0,0.2946341463414634,0.0037381038883463253,0.0,1,12
Mitch Mcconnell,Mitch Mcconnell,0.009933774834437087,0.006754526853094541,0.2975369458128079,0.007542230592739333,0.0,3,12
Julian Assange,Julian Assange,0.0033112582781456954,0.0,0.2929194956353055,0.003678598527788525,0.0,1,3
Albert Ross Sr.,Albert Ross Sr.,0.0033112582781456954,0.0,0.293488824101069,0.0036981065631911006,0.0,1,9
H. B. Hicks,H. B. Hicks,0.0033112582781456954,0.0,0.293488824101069,0.0036981065631911006,0.0,1,9
"Richard Marvin ""dick"" Devos Jr.","Richard Marvin ""dick"" Devos Jr.",0.0033112582781456954,0.0,0.2940603700097371,0.0037449063619340336,0.0,1,31
Richard Devos,Richard Devos,0.0033112582781456954,0.0,0.2940603700097371,0.0037449063619340336,0.0,1,31
Jen Pavlik,Jen Pavlik,0.0033112582781456954,0.0,0.2984189723320158,0.005917345468725038,0.0,1,1
Thomas E. Wheeler,Thomas E. Wheeler,0.006622516556291391,0.00027502145167323047,0.3038229376257545,0.01065440616163306,0.0,2,16
Nick Ayers,Nick Ayers,0.0033112582781456954,0.0,0.2984189723320158,0.005917345468725038,0.0,1,1
Marty Obst,Marty Obst,0.0033112582781456954,0.0,0.2984189723320158,0.005917345468725038,0.0,1,1
Josh Pitcock,Josh Pitcock,0.0033112582781456954,0.0,0.2984189723320158,0.005917345468725038,0.0,1,1
Rick Snyder,Rick Snyder,0.0033112582781456954,0.0,0.2946341463414634,0.004109512287984503,0.0,1,1
George Soros,George Soros,0.0033112582781456954,0.0,0.293488824101069,0.0036981065631911006,0.0,1,19
Edward Lampert,Edward Lampert,0.0033112582781456954,0.0,0.293488824101069,0.0036981065631911006,0.0,1,19
Vanessa Trump,Vanessa Trump,0.0033112582781456954,0.0,0.2981243830207305,0.005313172209467953,0.0,1,14
Bonnie Haydon,Bonnie Haydon,0.0033112582781456954,0.0,0.2981243830207305,0.005313172209467953,0.0,1,14
Russell Flicker,Russell Flicker,0.0033112582781456954,0.0,0.2981243830207305,0.005313172209467953,0.0,1,14
Bernard R. Diamond,Bernard R. Diamond,0.0033112582781456954,0.0,0.2981243830207305,0.005313172209467953,0.0,1,14
Aaron Schock,Aaron Schock,0.006622516556291391,0.0,0.2966601178781925,0.00409900646140672,1.0,2,18
David Morrell,David Morrell,0.0033112582781456954,0.0,0.296368989205103,0.0038020700407864344,0.0,1,18
Greg Katsas,Greg Katsas,0.0033112582781456954,0.0,0.296368989205103,0.0038020700407864344,0.0,1,18
Annie Donaldson,Annie Donaldson,0.006622516556291391,0.0,0.2966601178781925,0.00409900646140672,1.0,2,18
Shannon Mcgahn,Shannon Mcgahn,0.0033112582781456954,0.0,0.296368989205103,0.0038020700407864344,0.0,1,18
Blake Delaplane,Blake Delaplane,0.0033112582781456954,0.0,0.296368989205103,0.0038020700407864344,0.0,1,18
James Burnham,James Burnham,0.0033112582781456954,0.0,0.296368989205103,0.0038020700407864344,0.0,1,18
William P. Foley,William P. Foley,0.0033112582781456954,0.0,0.2929194956353055,0.003678598527788525,0.0,1,17
Harold G. Hamm,Harold G. Hamm,0.0033112582781456954,0.0,0.2929194956353055,0.003678598527788525,0.0,1,13
Matthew Griswold Bevin,Matthew Griswold Bevin,0.0033112582781456954,0.0,0.2929194956353055,0.003678598527788525,0.0,1,11
Catherine Bray Griffith,Catherine Bray Griffith,0.0033112582781456954,0.0,0.2929194956353055,0.003678598527788525,0.0,1,15
Christine Chao,Christine Chao,0.006622516556291391,0.0,0.29549902152641877,0.0040800782140274815,1.0,2,12
James S.C. Chao,James S.C. Chao,0.009933774834437087,1.100085806692922e-05,0.2957884427032321,0.004355679596959479,0.6666666666666666,3,12
Angela Chao,Angela Chao,0.006622516556291391,0.0,0.29549902152641877,0.0040800782140274815,1.0,2,12
Yury Zaytsev,Yury Zaytsev,0.0033112582781456954,0.0,0.2946341463414634,0.0037215390591955094,0.0,1,2
Vladimir Putin,Vladimir Putin,0.016556291390728478,0.006743525995027612,0.2969518190757129,0.008140165790025309,0.2,5,2
Jack Weisselberg,Jack Weisselberg,0.0033112582781456954,0.0,0.2929194956353055,0.003678598527788525,0.0,1,6
Xi Jinping,Xi Jinping,0.0033112582781456954,0.0,0.2929194956353055,0.003678598527788525,0.0,1,30
John Gore,John Gore,0.0033112582781456954,0.0,0.2975369458128079,0.004737060692908021,0.0,1,16
Garrett Murch,Garrett Murch,0.0033112582781456954,0.0,0.2975369458128079,0.004737060692908021,0.0,1,16
Michael Murray,Michael Murray,0.0033112582781456954,0.0,0.2975369458128079,0.004737060692908021,0.0,1,16
John Kyl,John Kyl,0.0033112582781456954,0.0,0.2975369458128079,0.004737060692908021,0.0,1,16
Joseph Meyer,Joseph Meyer,0.0033112582781456954,0.0,0.2377952755905512,0.00043295334744034003,0.0,1,25
Bob Dole,Bob Dole,0.0033112582781456954,0.0,0.2929194956353055,0.003678598527788525,0.0,1,27
Pam Mulvaney,Pam Mulvaney,0.0033112582781456954,0.0,0.2929194956353055,0.003678598527788525,0.0,1,8
W.E.“ed” Bosarge,W.E.“ed” Bosarge,0.0033112582781456954,0.0,0.22948328267477203,0.0005463692739973207,0.0,1,12
Lucius Joseph Riccio,Lucius Joseph Riccio,0.0033112582781456954,0.0,0.29320388349514565,0.003966002353126952,0.0,1,5
Peter Holt,Peter Holt,0.0033112582781456954,0.0,0.293488824101069,0.0036981065631911006,0.0,1,4
Anita Thigpen Perry,Anita Thigpen Perry,0.0033112582781456954,0.0,0.293488824101069,0.0036981065631911006,0.0,1,4
Nicolas Sarkozy,Nicolas Sarkozy,0.0033112582781456954,0.0,0.293488824101069,0.0036981065631911006,0.0,1,7
Yousef Al-otaiba,Yousef Al-otaiba,0.0033112582781456954,0.0,0.293488824101069,0.0036981065631911006,0.0,1,7
Aydin Dogan,Aydin Dogan,0.0033112582781456954,0.0,0.294921875,0.004112783339427387,0.0,1,14
Alexander Novak,Alexander Novak,0.006622516556291391,0.0,0.2957884427032321,0.004337211428436521,1.0,2,2
Igor Sechin,Igor Sechin,0.006622516556291391,0.0,0.2957884427032321,0.004337211428436521,1.0,2,2
Lev Leviev,Lev Leviev,0.0033112582781456954,0.0,0.2291350531107739,0.0005896822977134993,0.0,1,2
Sergey Kislyak,Sergey Kislyak,0.0033112582781456954,0.0,0.2929194956353055,0.003678598527788525,0.0,1,10
David Wildstein,David Wildstein,0.0033112582781456954,0.0,0.293488824101069,0.003968955342133612,0.0,1,24
Susan Pompeo,Susan Pompeo,0.0033112582781456954,0.0,0.2929194956353055,0.003678598527788525,0.0,1,28
David Horowitz,David Horowitz,0.0033112582781456954,0.0,0.2969518190757129,0.004707491033690185,0.0,1,16
Caroline May,Caroline May,0.0033112582781456954,0.0,0.2969518190757129,0.004707491033690185,0.0,1,16
Tucker Carlson,Tucker Carlson,0.0033112582781456954,0.0,0.2969518190757129,0.004707491033690185,0.0,1,16
Michelle Bachmann,Michelle Bachmann,0.0033112582781456954,0.0,0.2969518190757129,0.004707491033690185,0.0,1,16
Lindsey Reynolds,Lindsey Reynolds,0.0033112582781456954,0.0,0.293488824101069,0.0036981065631911006,0.0,1,20
Stephanie Winston Wolkoff,Stephanie Winston Wolkoff,0.0033112582781456954,0.0,0.293488824101069,0.0036981065631911006,0.0,1,20
Sam Brownback,Sam Brownback,0.0033112582781456954,0.0,0.2946341463414634,0.004023564378444267,0.0,1,16
